question,difficulty
The cervical part of the trachea measures about 7 cm in length.,1
The third and fourth lumbricals in the hand are bipennate and supplied by the deep branch of the ulnar nerve.,3
The stomachâ€™s capacity decreases from birth to adulthood.,1
The superficial peroneal nerve supplies the muscles of the anterior compartment instead of the deep peroneal nerve.,2
The root of the mesentery extends from the duodenojejunal flexure to the right sacroiliac joint.,3
Wnt signaling contributes to cell proliferation and differentiation in the developing limb.,3
"The cerebellum receives mossy fiber input, which is the major afferent system.",1
The medial reticulospinal tract facilitates the activity of motor neurons.,3
Femoral hernias are more common in males due to their narrow pelvis.,2
"In superior vena cava obstruction before the entry of the azygos vein, the azygos vein serves as the main channel for venous return from the upper body.",3
The knee jointâ€™s mechanism of â€œlockingâ€ (screw-home mechanism) is produced by medial rotation of the femur during terminal extension.,2
The anterior division of the obturator nerve supplies fibers to the femoral artery in the adductor canal.,3
The medial circumflex femoral artery is insignificant in the blood supply of the femoral neck.,3
Ureteric pain is referred to dermatomes T12 to L2.,1
Arches of the foot help in jumping.,1
The femoral nerve arises from the ventral rami of L5â€“S1.,1
The infundibulum is the passage between the frontal sinus and the middle meatus.,1
The small saphenous vein typically drains into the femoral vein rather than the popliteal vein.,1
"The emissary sphenoidal foramen, when present, transmits an emissary vein from the cavernous sinus.",1
The flocculonodular lobe participates in vestibular control and balance.,1
Occlusion of left middle cerebral artery can cause speech loss in dominant hemisphere.,2
All spinal cord injuries result in complete loss of function below the level of injury.,2
"The axilla has an apex, a base, and four walls (anterior, posterior, medial, and lateral).",1
The minor duodenal papilla is more prominent than the major papilla.,3
The chapter consistently emphasizes the importance of correlating anatomical knowledge with clinical findings for optimal patient care in lower limb pathologies.,2
The direct inguinal hernia occurs through the lateral part of HesselbachÃ¢â‚¬â„¢s triangle.,2
"The seminal vesicles, ejaculatory ducts, and vas deferens are integral components of the internal male genital system.",1
Distal occlusion of the anterior cerebral artery has no significant clinical consequences due to ample collateral supply.,3
"On the hip bone side, the capsular ligament is attached 5Ã¢â‚¬â€œ6 mm beyond the acetabular margin, along the outer aspect of the acetabular labrum and transverse acetabular ligament.",3
"The inferior cerebellar peduncle carries multiple afferent tracts, including the posterior spinocerebellar tract.",3
Subacromial bursitis is often associated with inflammation of the supraspinatus tendon.,2
"The right infracolic space is typically smaller and terminates in the right iliac fossa, while the left infracolic space is larger.",3
The spinal branch of the lumbar branch of the iliolumbar artery supplies the cauda equina.,3
The superior hypogastric plexus gives rise to sympathetic fibers that eventually help control the erectile function by restricting blood flow into the internal iliac arteries.,3
The preoptic region is functionally part of the hypothalamus even though it is anatomically part of the telencephalon.,2
"The skin of the foot, particularly the sole, is specialized for weight-bearing.",1
"Subcutaneous fat in the neck is equally distributed in men, women, and children.",1
The medial wall of the posterior horn of the lateral ventricle includes the calcar avis.,2
Obesity is a common cause of acquired (sliding) hiatal hernia.,2
"The clinical management of mediastinal syndromes often requires detailed knowledge of the thoracic duct, azygos system, and sympathetic trunks.",3
Additional arterial supply to the prostate comes from the middle rectal artery.,1
Sensory fibers of cranial nerves always have their cell bodies within the brainstem.,2
The sulcus terminalis is an external groove with no internal correlate in the right atrium.,2
The nuclei of cranial nerves in the brainstem develop independently without any relation to neural tube organization.,2
The femoral nerve is a branch of the lumbosacral plexus.,1
The left gonadal vein drains directly into the inferior vena cava.,1
The hymen forms from the vaginal plateÃ¢â‚¬â„¢s endodermal septum.,1
The medial longitudinal arch prevents any movement at the talocalcaneonavicular joint.,2
The saphenous vein is not used as a graft in bypass surgery because it is too short.,2
The lymphatic drainage of the large intestine parallels its arterial supply and ultimately enters the portal system.,1
The posterior recess of the ischioanal fossa extends toward the pubic symphysis.,3
The reticular formation's descending pathways have no influence on autonomic centers.,2
The superior ramus of the pubis extends from the body of the pubis to the acetabulum.,1
Femoral hernias are at high risk of incarceration due to the narrow neck of the femoral canal.,2
The descent of the testis involves movement from the abdominal cavity through the inguinal canal into the scrotum.,1
The roof of the muscular triangle is formed by subcutaneous fat rather than by the investing layer of deep cervical fascia.,2
Successful vaginal delivery depends on a close match between the fetal head dimensions and the pelvic dimensions.,1
The mediastinumÃ¢â‚¬â„¢s composition of hollow viscera and loose tissue explains its mobility in living individuals.,2
The cruciate ligaments cross each other in an â€œXâ€ configuration within the knee joint.,1
The venous drainage system of the lower limb is not of clinical significance in surgeries.,2
The trabeculae carneae are muscle bundles in the ventricles.,1
"From the medial cord of the brachial plexus arise the medial pectoral nerve, medial cutaneous nerve of the arm, medial cutaneous nerve of the forearm, medial root of the median nerve, and ulnar nerve.",1
The anterior border of the trapezius is not a useful landmark when the shoulder is elevated.,2
Injuries to the corticospinal tract produce immediate hyperreflexia.,2
"The root values of the common peroneal part of the sciatic nerve are S2, S3, S4.",3
The investing layer of deep cervical fascia forms pulleys for the digastric and omohyoid muscles.,3
The cardiac orifice lies at the level of vertebra L1.,1
The anterior transverse arch is supported by the plantar aponeurosis.,3
"The vascular, lymphatic, and nerve supply of the esophagus is segmented according to its cervical, thoracic, and abdominal parts.",1
The lateral zone connects with cerebral association areas via the dentato-rubro-thalamo-cortical tract.,3
It is falsely stated that all facial muscles are supplied by the trigeminal nerve.,1
The lateral plantar nerve lies medial to the lateral plantar artery.,1
The chapterÃ¢â‚¬â„¢s careful explanation of the interrelationships among the legÃ¢â‚¬â„¢s compartments underlines the importance of anatomical boundaries in preventing the spread of pathological processes.,2
Infratentorial brain tumours block the foramina of Luschka and Magendie.,3
"The pontine reticular formation contributes to the maintenance of consciousness, so damage here (e.g., pontine hemorrhage) can result in deep coma.",3
The two ischiorectal fossae communicate with each other posteriorly through a horseshoe-shaped recess behind the anal canal.,3
The shin is the subcutaneous anterior border of the tibia extending from the tibial tuberosity to the anterior margin of the medial malleolus.,1
"The interfoveolar ligament, formed by fibers from the transversus abdominis, further strengthens the lateral aspect of the deep inguinal ring.",3
The abdominal aorta is represented by two parallel lines 2 cm apart extending from a point 2.5 cm above the transpyloric plane in the median plane to a point 1.2 cm below and to the left of the umbilicus.,3
The acromial branch of the thoraco-acromial artery participates in the scapular anastomosis over the acromion process.,3
The thoracic duct is a posterior relation of the esophagus.,1
The right costomediastinal recess is completely unoccupied by lung tissue during quiet breathing.,2
The femoral sheathÃ¢â‚¬â„¢s lateral compartment contains the femoral artery accompanied by the genital branch of the genitofemoral nerve.,3
Point 1 is located just inferior to the inion instead of superolateral to it.,2
Injury to the axillary nerve results in loss of abduction of the shoulder up to 90Â°.,2
Achalasia cardia is caused by an overactive lower esophageal sphincter that relaxes excessively.,2
The anterior division of the obturator nerve supplies the adductor magnus hamstring part.,2
The lower lip of the crest of the scapular spine serves as an origin for the deltoid muscle.,1
The pars ventralis of the diencephalon includes the metathalamus.,3
"After a relay in the tractus solitarius, taste fibers form the solitothalamic tract.",3
The diagonal band of Broca is related to the intermediate root of the olfactory tract.,3
"The precise anatomical organization of the heartÃ¢â‚¬â„¢s valves, including their fibrous support and chordae tendinae, is key to preventing regurgitation.",2
Gluteus medius and minimus are the chief muscles of hip abduction.,1
The skin below the C4 dermatome is supplied by the T2 spinal segment.,3
An accessory lobe is always present in the right lung in every individual.,1
"The platypelloid pelvis is the most common variant, occurring in over 50% of cases.",3
The upper posterior quadrant is supplied by the cutaneous branches of the dorsal rami of the upper lumbar (L1Ã¢â‚¬â€œL3) and upper sacral (S1Ã¢â‚¬â€œS3) nerves.,3
The first intercostal nerve partially contributes to the formation of the brachial plexus.,2
The lateral white column contains no ascending sensory tracts.,2
Paramedian incisions have a higher risk of ventral hernia than midline incisions.,2
