question,difficulty
Injury to the thoracic sympathetic trunk leads to increased blood pressure due to loss of vasomotor control.,3
"The coverings of inguinal hernias in both indirect and direct types are similar, with variations in the replacement of the internal spermatic fascia by fascia transversalis in direct hernias.",3
The optic chiasm forms part of the floor of the 3rd ventricle.,1
The safety mechanism provided by the posterior cricoarytenoid muscles prevents complete airway occlusion during phonation.,2
The ascending branch of the first perforating artery contributes to the formation of the cruciate anastomosis.,3
"The internal structure and vascular supply of the brainstem are central to understanding diverse clinical syndromes such as medial medullary, lateral medullary, and various midbrain syndromes.",3
"After emerging from the cuboid tunnel, the peroneus longus tendon crosses the sole of the foot obliquely to insert on the inferolateral surface of the base of the first metatarsal and adjacent medial cuneiform.",3
The clinical relevance of the soleâ€™s anatomy is underscored by common conditions like plantar fasciitis and calcaneal spur.,2
Talipes varus is a foot deformity resulting from paralysis of the peroneal muscles.,1
The textbookÃ¢â‚¬â„¢s description of abdominal anatomy is detailed and supported by clinical correlations that enhance its relevance.,1
"The fastigial nucleus, located medially in the vermis, is involved in the control of axial and proximal limb movements.",3
The retromandibular vein divides into only one trunk within the parotid gland.,1
"On the anterior aspect, the left kidney's hilum is 5 cm from the median plane, a little above the transpyloric plane, and medial to the tips of the 9th costal cartilages.",3
"The anterior spinal artery syndrome typically results in motor deficits and loss of pain and temperature sensation, with preservation of dorsal column functions.",3
The costodiaphragmatic recess can be accessed for thoracocentesis through the 9th or 10th intercostal spaces in a patient with quiet breathing.,2
AER signals require interactions with underlying mesenchyme for limb development.,3
"The muscular branches to the hamstring muscles generally arise from the medial side of the sciatic nerve, except for the branch to the short head of the biceps femoris which arises from the lateral side.",3
The gluteal region does not contain any adipose tissue.,1
The clinical observations of tenderness in plantar fasciitis directly correlate with the stress placed on the plantar aponeurosis at its calcaneal attachment.,2
Upper motor neuron lesions lead to flaccid paralysis.,2
The fornix carries efferent fibres from the neocortex to the hippocampus.,3
The lateral longitudinal arch of the foot functions primarily as a static weight-bearing structure.,1
Pretracheal lymph nodes drain the isthmus of the thyroid gland.,1
The saphenous nerve supplies the lateral aspect of the foot.,1
The accessory hemiazygos vein ascends on the right side.,3
Hox genes have no role in the specification of the forearm region.,3
The mastoid antrum lies in the squamous part of the temporal bone.,1
The internal structure of the midbrain can be studied by examining transverse sections at the levels of the inferior and superior colliculi.,2
Bladder pain may refer to perineum via S2Ã¢â‚¬â€œS4.,2
The floor of the popliteal fossa is formed by the popliteal artery.,2
The sphincter pupillae is near the pupillary margin.,1
Phimosis is the inability to retract the foreskin over the glans.,1
The saphenofemoral junction is located approximately 3.5â€“4 cm inferolateral to the pubic tubercle.,1
The distal epiphysis of the radius fuses at around 20 years of age.,1
The transverse branch of the femoral artery contributes to the cruciate anastomosis near the greater trochanter.,3
Cruciform parts of fibrous sheaths cross in front of phalanges.,1
The cutaneous distribution of the lower limb follows a pattern that is helpful in neurologic diagnosis.,2
The discussion of the dorsalis pedis arteryÃ¢â‚¬â„¢s variations highlights the need for careful vascular examination in patients with suspected occlusive disease.,3
The buccal pad of fat is not responsible for tooth eruption.,1
The posterior cutaneous nerve of the thigh supplies no skin over the leg.,2
The ascending aorta is not continuous with the arch of aorta.,1
The common peroneal nerve provides muscular branches in the popliteal fossa.,1
Injury to the common peroneal nerve also causes loss of eversion of the foot.,2
The obstetrical conjugate is larger than the diagonal conjugate.,2
"The medial branches of the thoracic sympathetic trunks contribute to the formation of the cardiac, aortic, pulmonary, and esophageal plexuses.",3
"The supply of arterial branches to the sternocleidomastoid is crucial for designing muscle flaps in reconstructive surgery, as noted in the text.",3
"The clear depiction of the medial side, including the Ã¢â‚¬Å“guy ropesÃ¢â‚¬Â and the bursa anserinus, is essential for clinicians dealing with medial knee pain.",3
The preprostatic sphincter lacks parasympathetic innervation.,3
The right subclavian artery develops from the right 7th cervical intersegmental artery.,3
The lacunar ligament is not associated with the femoral canal.,2
Transverse incisions in the lower abdomen are often used for pelvic surgeries due to improved cosmetic outcomes.,2
The attention to detail regarding the attachments and courses of the retinacula in the chapter is critical for appreciating their role in tendon stabilization and effective foot movement.,3
The lateral spinothalamic tract decussates near its level of entry in the spinal cord.,3
"The pyramidal decussation occurs in the medulla oblongata, allowing the left hemisphere to control the right side of the body.",2
The superior vesical artery arises from the posterior division in males.,1
"The intrinsic ligaments and membranes of the larynx, such as the cricovocal and quadrangular membranes, contribute to the stability and function of the vocal folds.",3
"The fibrous pericardium is nonelastic, thereby limiting the heartÃ¢â‚¬â„¢s expansion during increased venous return.",2
The investing fascia splits to enclose the suprasternal and supraclavicular spaces.,3
The posterior interosseous nerve injury causes finger extension weakness.,2
Thrombosis of the anterior spinal artery does not affect the motor function of the spinal cord.,2
The utricle and saccule are connected by the utriculoâ€‘saccular duct (Yâ€‘shaped).,1
Dissecting aneurysm occurs due to an increase in intimal thickness rather than a tear.,2
"The lateral crus of the inguinal canal is thicker and curved, whereas the medial crus is thinner and oblique.",3
The floor of the anterior cranial fossa is smooth due to the absence of gyral markings.,3
Popliteal lymph nodes enlarge in infection of the lateral sole or foot.,2
The inferior mesenteric vein usually drains into the splenic vein rather than directly into the portal vein.,3
The connections between superficial and deep veins via perforators are insignificant.,2
The Ã¢â‚¬Å“slitÃ¢â‚¬â€˜valve mechanismÃ¢â‚¬Â is responsible for preventing herniation by widening the inguinal canal.,2
"The lumen of the thoracic duct is about 5 mm wide at its ends, though it narrows in the middle.",1
There is no overlap between the sensory distributions of the femoral and obturator nerves.,2
Rib fractures are common in children because their chest wall is less elastic.,1
Two ureteroÃ¢â‚¬Âurethral ridges (BellÃ¢â‚¬â„¢s bars) extend from the ureteric orifices to the urethral orifice.,2
"Thrombosis of the paracentral artery, a terminal branch of the anterior cerebral artery, causes contralateral lower limb monoplegia.",3
The coronary arteries are true end-arteries both anatomically and functionally.,1
The pretracheal fascia blends inferiorly with the arch of the aorta and fibrous pericardium.,3
A pudendal nerve block is ineffective for perineal surgeries in females.,2
The small intestine receives its blood supply from branches of the inferior mesenteric artery.,1
BatsonÃ¢â‚¬â„¢s plexus communicates exclusively with the portal vein.,2
"During catheterization of the male urethra, the natural curvatures must be taken into account to avoid creating a false passage.",2
"Anteriorly, the investing fascia becomes continuous across the midline with its counterpart on the other side.",1
The cavity of the fourth ventricle is completely separated from the subarachnoid space.,2
The coordinated closure of the atrioventricular and semilunar valves produces the characteristic Ã¢â‚¬Å“lub-dubÃ¢â‚¬Â heart sounds.,1
"The clinical consequences of brainstem hemorrhages underscore the importance of every region in the medulla, pons, and midbrain for survival.",3
Kupffer cells do not participate in the immune defense of the liver.,1
The pelvis is formed solely by the two hip bones.,1
The interosseous sacroiliac ligament attaches to the dorsal sacral surface.,2
Lymphatics from the prostate drain primarily to superficial inguinal nodes.,2
The subscapularis acts as a medial rotator of the arm and helps hold the humeral head in the glenoid cavity.,1
The text emphasizes that the predictable pattern of sensory innervation over the dorsum of the foot is essential for evaluating nerve injuries in this region.,2
The pretracheal fascia blends with the arch of the aorta and fibrous pericardium.,3
The female perineumÃ¢â‚¬â„¢s surface features include the vulva (external genitalia) and anal orifice.,1
Third-order neurons for pain and temperature are located in the posterolateral ventral nucleus of the thalamus.,2
"Because of slow, â€œstreamlineâ€ flow, blood from the superior mesenteric vein preferentially enters the right lobe of the liver while splenic and inferior mesenteric blood goes to the left lobe.",3
The submandibular ganglion relays parasympathetic fibers to the sublingual gland.,1
The muscular branches to hamstrings arise from the lateral side of the sciatic nerve.,1
BrÃƒÂ¶delÃ¢â‚¬â„¢s line is a relatively avascular plane on the posterior surface of the kidney.,1
The special visceral efferent column in the brainstem is absent.,3
The greater omentum and lesser omentum are derived from the identical embryological precursor.,2
Lymphatic drainage from the liver occurs via both superficial and deep lymphatics that ultimately drain into coeliac nodes.,1
The rubrospinal tract decussates in the spinal cord rather than in the midbrain.,1
