question,difficulty
"The posterior relations of the apex include the neck of the first rib, the ventral ramus of the first thoracic nerve, the first posterior intercostal vessels, and the sympathetic chain.",3
"In vertebrates, the distal segment of the limb carries the digits.",1
"In obstetrical pelvimetry, clinicians assess the size of the subpubic arch as an indicator of pelvic adequacy.",2
The trachea is posterior to the left brachiocephalic vein.,1
The dilator pupillae is supplied by sympathetic fibers.,1
Digital subtraction angiography (DSA) uses low concentrations of contrast media and computer processing to remove background structures.,1
The tendon of the biceps brachii is used as a guide to locate the brachial artery during dissection.,1
The anterior communicating artery connects the two anterior cerebral arteries in the circle of Willis.,1
The carotid triangle is bounded anterosuperiorly by the posterior belly of the digastric and the stylohyoid muscles.,1
The thenar eminence muscles are supplied by the ulnar nerve.,1
FGF10 plays a role in the early development of the lower limb.,3
"The greater splanchnic nerve, arising from T5Ã¢â‚¬â€œT9, is a major contributor to the autonomic innervation of the abdominal viscera.",3
Basket cells enhance the activity of Purkinje cells rather than inhibit them.,3
"The paramesonephric ducts form the uterine tubes, uterus, and upper vagina.",1
The left hypochondrium is where the liver and gallbladder are predominantly located.,1
The subcostal plane runs directly through the xiphoid process.,1
The loose connective tissue in the mediastinum allows for slight movements during respiration.,1
The carotid tubercle (Chassaignacâ€™s tubercle) is the prominent anterior tubercle of the transverse process of the sixth cervical vertebra.,1
The superior hypogastric plexus lies in front of the L1 vertebra rather than at the aortic bifurcation.,2
The cutaneous distribution of the posterior primary rami extends further laterally than the extensor muscles.,3
Valve incompetence in the perforating veins has no role in the development of varicose veins.,2
The histological layers of the esophagus work together to ensure both protection and efficient transport of ingested material.,1
"After entering the brain parenchyma, cortical and central branches act as end arteries with little collateral circulation.",3
FGF10 is not involved in limb bud induction.,2
"The pretectal nucleus, located just ventrolateral to the superior colliculus, plays a key role in the pupillary light reflex by sending projections bilaterally to the EdingerÃ¢â‚¬â€œWestphal nuclei.",3
The extensive lymphatic network of the thyroid is important in the spread of certain pathologies.,1
The pubic crest forms the apex of the superficial inguinal ring.,1
The acromial branch of the thoraco-acromial artery contributes to the scapular anastomosis over the acromion.,3
The submandibular ganglion receives parasympathetic fibers from the chorda tympani that originate in the superior salivatory nucleus.,3
The detailed anatomical organization of these mediastinal structures is vital for interpreting radiological studies such as CT scans and MRIs of the chest.,2
Bladder pain refers exclusively to T6Ã¢â‚¬â€œT10 dermatomes.,2
The regimental badge area corresponds to the sensory distribution of the upper lateral cutaneous nerve of the arm.,1
"In most rightâ€handed individuals, the left cerebral hemisphere is dominant.",1
"A complete sciatic nerve injury leads to paralysis of all muscles below the knee, resulting in foot drop and a high-stepping gait.",2
Fasciculus cuneatus carries sensory information from the lower limbs.,2
The development and collateralization of the SVC in cases of obstruction depend on the level of the blockage relative to the azygos vein.,3
"The laminae of lumbar vertebrae are long, thin, and directed anterolaterally with extensive overlap.",1
The anterior commissure contributes to interhemispheric communication.,3
The difference in embryological origin of the upper and lower anal canal explains their different epithelial linings and nerve supplies.,3
The rotator cuff forms a tendinous cuff around the glenohumeral joint that stabilizes the shoulder.,1
The lateral angle of the scapula is thickened and forms the head of the scapula.,1
The fetal head does not require any rotation to negotiate the pelvis.,2
The line of attachment of ScarpaÃ¢â‚¬â„¢s fascia to the fascia lata is marked by HoldenÃ¢â‚¬â„¢s line.,3
A false claim asserts that in Bellâ€™s palsy the upper face is always spared.,2
The medial occipitotemporal gyrus is synonymous with the precentral gyrus.,3
The integrated anatomy of the sole enables it to serve as a primary interface between the body and the ground.,1
The retropharyngeal space lies between the buccopharyngeal fascia and the prevertebral fascia.,1
"The carotid body responds to changes in the oxygen and carbon dioxide content of the blood, thereby modulating blood pressure and heart rate.",1
"The saphenous nerve runs behind the great saphenous vein at the medial malleolus, so it is never injured during venesection.",2
The retinacula around the ankle are not important for preventing tendon bowstringing during foot movements.,2
The root value of the sciatic nerve is L2 to L4.,1
"A highly selective vagotomy targets only the parietal cell innervation, preserving antral function and normal gastric emptying.",3
The spleen normally weighs about 20 ounces.,1
The axillary nerve is at risk during inferior dislocation of the humeral head.,2
"The femoral hernia sac, if present, will bulge out below the inguinal ligament, lateral to the pubic tubercle.",2
Movements of inversion and eversion do not occur at the subtalar or midtarsal joints.,2
All structures within the orbit lie inside the orbital periosteum except the infraorbital nerve and vessels and the zygomatic nerve.,2
The interosseous talocalcaneal ligament occupies the sinus tarsi.,2
The lateral dorsal nucleus of the thalamus is primarily involved in the regulation of hormonal secretion.,3
The lateral pharyngeal space contains the internal jugular vein.,1
The convergence of the Ã¢â‚¬Å“guy ropesÃ¢â‚¬Â on the medial tibia creates a structure resembling Ã¢â‚¬Å“guy ropesÃ¢â‚¬Â that stabilize the pelvis.,3
"Tributaries of the hemiazygos vein include the lower three left posterior intercostal veins (9thÃ¢â‚¬â€œ11th), as well as the left subcostal and left ascending lumbar veins, plus small esophageal and mediastinal veins.",3
Injury to the stellate ganglion results in contralateral HornerÃ¢â‚¬â„¢s syndrome.,3
Proximal occlusion of the anterior cerebral artery typically causes severe contralateral motor deficits.,3
"The greater petrosal nerve, a branch of the facial nerve, carries parasympathetic fibers to the lacrimal gland and mucosal glands of the nasal cavity and palate.",3
The mucosa of the trigone of the bladder is derived from the mesoderm of incorporated mesonephric ducts.,3
Collateral circulation via anastomoses between terminal coronary branches may develop if occlusion occurs slowly.,2
Ulnar displacement of the hypothenar eminence is prevented by the palmaris brevis.,2
"The white matter tracts are organized so that ascending (sensory) fibers are generally peripheral, and descending (motor) fibers are more central.",2
The sympathetic innervation (T11Ã¢â‚¬â€œL2) of the bladder inhibits the detrusor muscle and contracts the internal urethral sphincter during ejaculation.,3
The posterior triangleâ€™s fascial carpet is crucial for the safe conduct of surgical operations in this region.,3
Negative intrathoracic pressure during respiration does not influence venous return in the legs.,2
"The posterior part of the medial surface is related to the styloglossus muscle, the stylohyoid ligament, and the glossopharyngeal nerve.",3
The pars ventralis of the diencephalon includes the metathalamus.,3
The lateral terminal branch of the superficial peroneal nerve supplies the skin over the lateral aspect of the dorsum.,3
Intramuscular injections in the deltoid should be given below its middle part to avoid injury to the axillary nerve.,2
Emissary veins connect the intracranial sinuses to extracranial veins and are valved.,1
The Trendelenburg test is ineffective at detecting venous valve incompetence.,2
A 20-year-old motorbike accident victim with superficial temporal wounds and a normal radiograph is an example used to illustrate the Glasgow coma scale.,2
The integration of the sensory distribution from the three divisions of the trigeminal nerve provides a comprehensive map of facial sensation that aids in clinical diagnosis.,2
The mammillary bodies form part of the floor of the third ventricle.,1
Thrombosis of the superior cerebellar artery causes contralateral HornerÃ¢â‚¬â„¢s syndrome.,3
Disruption of the scapulohumeral rhythm due to paralysis of scapular stabilizers severely affects shoulder movement.,2
"In males, the anorectal junction corresponds to the apex of the prostate.",2
Barium is usually evacuated from the alimentary canal in 16 to 24 hours after a barium meal.,1
"The femoral vein in the adductor canal initially lies posterior to the femoral artery, then becomes lateral to it in the lower part.",1
"The saphenous nerve lies far away from the great saphenous vein at the medial malleolus, making nerve injury impossible during venesection.",2
The interphalangeal joints are innervated by muscles supplied by C7 and C8 spinal segments.,2
No pontine nuclei exist in the pons; it consists solely of descending fibers.,3
The malleus and incus develop from MeckelÃ¢â‚¬â„¢s cartilage of the first arch.,3
BellÃ¢â‚¬â„¢s palsy results in disappearance of the nasolabial fold on the affected side.,2
The internal carotid artery supplies the dura mater exclusively in the posterior cranial fossa.,2
"During defecation, the anal canal widens as the internal and external sphincters relax.",1
The deltoid branch of the thoraco-acromial artery anastomoses over the acromion process.,3
HOX genes regulate the development of the forebrain instead of the hindbrain.,3
The anterior median region of the neck is 5 cm wide instead of 2â€“3 cm.,2
The inferior belly of omohyoid divides the posterior triangle into occipital and subclavian parts.,1
A small gap between the transverse perineal ligament and the arcuate pubic ligament permits passage of the deep dorsal vein of the penis.,3
The external occipital protuberance is a palpable bony projection at the upper end of the nuchal furrow in the posterior midline of the neck.,1
The superior orbital fissure is divided by the common tendinous ring of Zinn into parts that transmit different groups of cranial nerves and vascular structures.,2
