question,difficulty
"Cerebellar cognitive affective syndrome, featuring inattention and grammatical errors, can develop from thrombosis of cerebellar arteries.",3
The anteroinferior quadrant of the outer surface of the tympanic membrane is innervated by the auriculotemporal nerve.,3
The medullary reticular formation is a diffuse system that integrates sensory input with motor output.,1
The labyrinthine artery is an end artery that accompanies the vestibulocochlear nerve into the internal auditory meatus.,3
The first lumbar sympathetic ganglion is preserved to maintain proximal urethral sphincter function.,3
The posterior wall of the femoral sheath is formed by the downward prolongation of the fascia iliaca.,1
Negative intrathoracic pressure does not contribute to the venous return from the legs.,2
Postganglionic sympathetic fibers do not contribute to the vasomotor control of the lower limb vessels.,3
The superficial slip of each band of the plantar aponeurosis blends with the superficial transverse metatarsal ligaments.,3
The carotid sheath encloses the vagus nerve lateral to the internal jugular vein instead of between the vein and the carotid arteries.,2
The muscularis mucosae of the oesophagus is absent in its upper part.,3
"Because of its superficial location in the femoral triangle, the femoral artery is the preferred site for cannulation and angiography.",2
LIMI and OTX2 are involved in the development of the forebrain and midbrain.,2
The rectumÃ¢â‚¬â„¢s nerve supply includes both sympathetic (L1Ã¢â‚¬â€œL2) and parasympathetic (S2Ã¢â‚¬â€œS4) fibers.,2
Coarctation of aorta does not cause notching of the ribs.,2
The extensor retinaculum holds extensor tendons in place at the wrist.,1
The trachea is related to the sternohyoid muscles anteriorly.,1
The carrying angle disappears during full flexion and pronation of the forearm.,2
The accessory obturator nerve is present in 100% of individuals.,3
"Circumduction is a combination of flexion, abduction, extension, and adduction.",1
The functions of the nose include only respiration and exclude olfaction.,1
"On the left side, the anterior pleural reflection descends from the sternoclavicular joint to the midpoint of the sternal angle and then descends only to the level of the 4th costal cartilage before arching laterally.",3
The inferior lumbar lymph trunks drain directly into the thoracic duct instead of into the cisterna chyli.,3
Valve competence in the venous system has no impact on the development of chronic venous insufficiency.,2
The inferior border of the heart is formed mainly by the right ventricle.,1
The stable attachment of the true vocal cords to the underlying ligament contributes to their characteristic pearly white appearance during laryngoscopy.,2
The cruciate anastomosis is formed solely by the descending branch of the inferior gluteal artery.,3
McBurneyÃ¢â‚¬â„¢s point (the appendicular orifice) is marked 2 cm below the ileocaecal orifice.,1
Surgical excision of the anorectal ring does not affect continence.,2
Corticobulbar fibers are exclusively contralateral in their distribution.,2
Compression of the free edge of the lesser omentum (Pringle manoeuvre) is used to control liver bleeding.,3
The inferior rectal nerves and vessels traverse the ischiorectal fossa from lateral to medial.,3
"In Erbâ€™s paralysis, loss of shoulder abduction and forearm supination is observed.",2
"The white matter in the anterior medulla consists of the pyramids, which then continue laterally into the lateral corticospinal tracts.",3
"The anatomical features of the scalp, temple, and face, including their arterial, venous, lymphatic, and neural structures, underpin many clinical conditions and surgical techniques.",3
Dislocation of the shoulder joint can endanger the axillary nerve.,2
Obturator nerve injuries lead to foot drop.,2
"Digital synovial sheaths of index, middle, and ring fingers are continuous with the ulnar bursa.",2
The transverse intrinsic muscle broadens the tongue.,1
Calcaneal spur formation is not associated with chronic plantar fasciitis.,2
The quadrate ligament prevents the herniation of the synovial membrane in the superior radioÃ¢â‚¬â€˜ulnar joint.,3
The pineal gland receives its innervation from the nervus conarii from the superior cervical sympathetic ganglion.,2
"Within the pterygopalatine fossa, the pterygopalatine ganglion is suspended from the ophthalmic nerve.",3
"The cerebellum receives a variety of somatosensory inputs from the muscles, joints, and skin.",1
"The detailed anatomical and clinical information about the thoracic duct, azygos and hemiazygos veins, and thoracic sympathetic trunks is essential for understanding mediastinal lymphatic and venous drainage as well as autonomic regulation in the thorax.",3
The lateral plantar nerve supplies no sensory innervation to the toes.,2
Breast cancer can spread from one breast to the other due to communications of superficial lymphatics across the midline.,2
The inferior mesenteric ganglion receives fibers from the least splanchnic nerve.,3
The liver is located exclusively in the left hypochondrium.,1
The adductor brevis receives no innervation from the anterior division of the obturator nerve.,3
The upper third of the rectum is completely devoid of peritoneum.,2
The choroid plexus along the lateral ventricle is visible as a frond-like structure on imaging studies.,2
Approximately 5 to 10 ml of iodized oil (lipiodol) is injected during hysterosalpingography.,1
The obturator nerve is the primary nerve of the medial thigh compartment.,1
"In males, presacral neurectomy improves ejaculation rather than reducing its power.",2
"A Ã¢â‚¬Å“painful arcÃ¢â‚¬Â during abduction, typically between 60Ã‚Â° and 120Ã‚Â°, is indicative of rotator cuff pathology.",2
The uterus does not support implantation of the embryo.,1
"The proteins WNT, BMP, TGF-ÃŽÂ² and FGF are responsible for optic vesicle development.",3
The musculocutaneous nerve supplies the muscles of the anterior compartment of the arm.,1
"The tibial part of the sciatic nerve is formed by the ventral divisions of anterior primary rami of L4, L5, S1, S2, S3.",3
The transitional epithelium lining the ureter is nonfunctional.,1
The anterior compartment of the leg is primarily supplied by the tibial nerve rather than the deep peroneal nerve.,2
The petrous part of the temporal bone produces a dense irregular shadow anteroinferior to the hypophyseal fossa.,3
A positive Trendelenburg sign may be observed in patients with hip joint pathology that compromises abductor function.,2
Nearly all fibers in the anterior corticospinal tract eventually cross before terminating.,2
"The marginal artery of Drummond is formed by the anastomoses of colic branches from the superior and inferior mesenteric arteries, supplying the colon.",3
Gustatory stimulation decreases parotid secretion during meals.,1
Blockage of lymphatic drainage in the lower limb does not lead to any form of edema such as elephantiasis.,2
The obturator nerve supplies the adductor muscles of the thigh exclusively.,1
"Thoraco-abdominal sympathectomy involves removal of sympathetic tissue from T5 to L2, resulting in splanchnic vasodilation.",3
It is not true that parotid lymph nodes drain to the upper deep cervical lymph nodes.,2
The overall integration of the trachea and esophagus within the neck and thorax is essential for coordinated respiratory and digestive functions.,1
The segmental innervation of the joints in the lower limb is provided by four consecutive spinal segments.,2
"The superficial venous system of the lower limb is completely isolated from the deep veins, with no communicating perforators.",2
The posterior triangle contains the common carotid artery.,1
The mesenchyme and ectoderm engage in reciprocal interactions during limb development.,3
The intervertebral foramina contain only the trunk of the spinal nerve.,1
"The tendon of tibialis posterior crosses superficially to the tendon of flexor digitorum longus in the lower leg, then grooves behind the medial malleolus, passes deep to the flexor retinaculum, and primarily inserts on the tuberosity of the navicular bone.",3
Injury to the transverse ligament can cause immediate death due to damage to the medulla oblongata.,3
The abductor digiti minimi is innervated by the main trunk of the lateral plantar nerve.,1
The superficial radial nerve lies lateral to the midÃ¢â‚¬â€˜portion of the radial artery.,1
Rachischisis is the term for complete closure of the neural tube.,1
The carotid body is located behind the bifurcation of the common carotid artery.,1
The femoral nerve gives off an articular branch to the knee joint.,1
Sympathetic nerves from S2â€“4 cause erection.,1
The medial circumflex femoral artery does not form any anastomoses with other arteries.,2
The lateral pterygoid muscle originates entirely from the lateral pterygoid plate.,1
"The cerebellum, fourth ventricle, and their boundaries can be visualized on cross-sectional imaging.",1
"The mesenteroparietal recess is an uncommon duodenal recess, found in about 1% of cases.",3
The inferior division of the oculomotor nerve innervates the levator palpebrae superioris exclusively.,3
"Elevation (closing the mouth) is produced by the contraction of the masseter, medial pterygoid, and temporalis muscles.",1
The pia mater is a delicate vascular membrane that adheres intimately to the surface of the brain.,1
Lumbar splanchnic nerves do not provide any fibers to the coeliac plexus.,2
"In crossÃ¢â‚¬Âsection, the female urethra is crescentic in its upper part, starÃ¢â‚¬Âshaped in its middle part, and becomes a transverse slit in its lower part, with a sagittal slit at the external orifice.",3
The hyoid bone is located in a depression behind and slightly below the chin and is easily palpable when the neck is extended.,1
The inferior cerebellar peduncle is found medially in the medulla rather than laterally.,3
The semispinalis capitis may form part of the floor of the posterior triangle.,1
Hemiplegia due to lenticulostriate branch occlusion is a classic example of an upper motor neuron lesion in the internal capsule.,3
The supracolic compartment lies below the transverse colon.,1
A midline (linea alba) incision is preferred because it is avascular and spares muscle fibers.,2
